S_ref,L_ref,body_radius,body_length,moment_ref_x,moment_ref_y,moment_ref_z
67.432144296920171,9.2659199600000015,4.6329599800000008,51.786190000000005,25.893095000000002,-4.5450000399999997,7.72722
